City,Lat,Lng,Max Temp,Humidity,Cloudiness,Wind Speed,Country,Date
Dingle,10.9995,122.6711,74.89,88,100,1.99,PH,1613082534
Zhuhai,22.2769,113.5678,62.6,72,20,12.66,CN,1613082534
Rikitea,-23.1203,-134.9692,79.09,71,82,8.52,PF,1613082534
Aykhal,66.0,111.5,-23.01,84,6,4.05,RU,1613082535
San Patricio,28.017,-97.5169,41.0,93,90,17.27,US,1613082535
Esperance,-33.8667,121.9,59.0,72,90,5.5,AU,1613082535
Albany,42.6001,-73.9662,26.01,44,63,8.32,US,1613082459
Ekimchan,53.0667,132.9667,8.78,90,100,4.25,RU,1613082535
Izumo,35.3667,132.7667,39.2,81,75,5.75,JP,1613082535
Provideniya,64.3833,-173.3,-5.8,65,20,26.84,RU,1613082535
Atuona,-9.8,-139.0333,79.23,73,0,12.12,PF,1613082536
Clyde River,70.4692,-68.5914,6.8,92,29,31.07,CA,1613082450
Viedma,-40.8135,-62.9967,81.0,46,0,1.99,AR,1613082536
Hilo,19.7297,-155.09,78.8,61,20,5.75,US,1613082326
Listvyanka,51.8535,104.8693,-0.4,85,90,8.95,RU,1613082536
Synya,65.3718,58.0387,-24.41,86,59,3.42,RU,1613082536
Yellowknife,62.456,-114.3525,-4.0,71,20,12.66,CA,1613082537
Warrington,53.3925,-2.5802,32.0,74,0,16.11,GB,1613082537
Geraldton,-28.7667,114.6,57.2,88,0,10.36,AU,1613082537
Hobart,-42.8794,147.3294,66.99,45,20,18.41,AU,1613082381
Hermanus,-34.4187,19.2345,72.0,87,36,7.14,ZA,1613082537
Dunedin,-45.8742,170.5036,57.99,62,0,11.01,NZ,1613082537
Edd,13.9297,41.6925,79.18,56,47,13.44,ER,1613082537
Honningsvåg,70.9821,25.9704,28.4,69,75,16.11,NO,1613082538
Chihuahua,28.5,-106.0,69.8,13,20,9.22,MX,1613082398
Mar del Plata,-38.0023,-57.5575,71.01,94,75,19.57,AR,1613082538
Lavrentiya,65.5833,-171.0,-23.57,81,0,11.03,RU,1613082538
Saldanha,-33.0117,17.9442,64.4,88,2,10.36,ZA,1613082538
Hofn,64.2539,-15.2082,40.28,70,100,17.9,IS,1613082538
Port Alfred,-33.5906,26.891,70.0,95,71,3.0,ZA,1613082539
Busselton,-33.65,115.3333,46.99,96,0,8.72,AU,1613082539
Vardø,70.3705,31.1107,14.0,85,92,18.41,NO,1613082539
Saint Paul Harbor,57.79,-152.4072,37.4,87,90,37.98,US,1613082539
Kapaa,22.0752,-159.319,75.99,60,1,9.22,US,1613082539
Pangody,65.85,74.4859,-34.51,83,21,5.03,RU,1613082539
Burnie,-41.0667,145.9167,61.0,85,67,5.01,AU,1613082539
Bluff,-46.6,168.3333,54.75,70,34,10.04,NZ,1613082460
Nome,64.5011,-165.4064,8.6,78,90,24.16,US,1613082540
Sambava,-14.2667,50.1667,76.6,87,100,5.66,MG,1613082540
Ushuaia,-54.8,-68.3,53.6,66,75,5.75,AR,1613082449
Guadalajara,20.6667,-103.3333,77.0,8,1,18.41,MX,1613082518
Punta Arenas,-53.15,-70.9167,55.4,47,0,31.07,CL,1613082540
Guerrero Negro,27.9769,-114.0611,65.52,61,0,14.94,MX,1613082540
Constitución,-35.3333,-72.4167,63.79,78,80,6.93,CL,1613082356
Bilibino,68.0546,166.4372,-20.7,73,0,5.06,RU,1613082541
Orchard Homes,46.8633,-114.0484,3.99,60,90,17.27,US,1613082541
Waipawa,-41.4122,175.5153,64.0,88,90,13.8,NZ,1613082541
Vaitape,-16.5167,-151.75,82.49,68,0,14.03,PF,1613082541
Avarua,-21.2078,-159.775,75.2,83,90,6.91,CK,1613082541
Omboué,-1.5746,9.2618,79.29,88,100,7.23,GA,1613082542
Vaini,-21.2,-175.2,84.2,84,75,9.22,TO,1613082542
Cidreira,-30.1811,-50.2056,75.02,82,95,13.42,BR,1613082542
Kavieng,-2.5744,150.7967,82.51,76,77,10.33,PG,1613082542
Port Elizabeth,-33.918,25.5701,71.6,94,40,4.61,ZA,1613082542
Upernavik,72.7868,-56.1549,0.64,82,86,6.42,GL,1613082542
Amapá,1.0,-52.0,74.79,97,89,3.13,BR,1613082542
Dekar,-21.5333,21.9333,69.01,84,100,4.83,BW,1613082543
Longyearbyen,78.2186,15.6401,-2.2,84,20,11.5,SJ,1613082543
Yangi Marg`ilon,40.4272,71.7189,48.2,57,0,4.61,UZ,1613082543
Belaya Gora,68.5333,146.4167,-18.81,87,72,3.31,RU,1613082543
Tual,-5.6667,132.75,83.46,77,100,11.43,ID,1613082543
Bowen,-20.0167,148.2333,78.8,78,28,6.91,AU,1613082543
Xaxim,-26.9617,-52.5347,77.0,69,75,11.5,BR,1613082544
Kibala,9.1104,18.3463,71.6,46,0,4.16,TD,1613082544
Plumbon,-6.705,108.4728,76.46,88,87,3.56,ID,1613082544
Japura,-0.3167,102.35,73.33,96,52,1.5,ID,1613082544
Neuquén,-38.9516,-68.0591,89.6,35,0,4.61,AR,1613082541
Qui Nhon,13.7667,109.2333,64.42,84,70,10.45,VN,1613082544
Narsaq,60.9167,-46.05,37.4,28,75,36.82,GL,1613082545
Ngunguru,-35.6167,174.5,72.0,55,0,10.0,NZ,1613082545
East London,-33.0153,27.9116,75.29,85,1,15.21,ZA,1613082545
Cabo San Lucas,22.8909,-109.9124,73.0,60,20,10.36,MX,1613082267
Cockburn Town,21.4612,-71.1419,78.8,65,40,13.8,TC,1613082545
Båtsfjord,70.6345,29.7185,24.8,86,75,18.41,NO,1613082545
Tuktoyaktuk,69.4541,-133.0374,-7.6,77,40,16.11,CA,1613082545
Adwa,14.1646,38.8955,54.57,63,0,3.27,ET,1613082546
Témiscaming,46.7212,-79.0971,3.2,43,0,9.22,CA,1613082546
Maningrida,-12.0667,134.2667,79.43,87,99,7.54,AU,1613082546
Tamandaré,-8.7597,-35.1047,79.05,79,13,9.42,BR,1613082546
Takoradze,4.8845,-1.7554,80.8,84,32,11.83,GH,1613082546
Margate,51.3813,1.3862,33.01,62,53,8.01,GB,1613082546
Puerto Escondido,15.85,-97.0667,86.0,70,20,6.91,MX,1613082546
Port Blair,11.6667,92.75,77.52,71,24,7.81,IN,1613082547
Tromsø,69.6496,18.957,30.2,80,75,24.16,NO,1613082547
Marsá Maţrūḩ,31.3525,27.2453,55.4,58,0,9.22,EG,1613082547
Norman Wells,65.282,-126.8329,-0.4,71,1,8.05,CA,1613082547
Saskylakh,71.9167,114.0833,-14.21,86,100,3.0,RU,1613082547
Kavaratti,10.5669,72.642,81.37,56,7,5.97,IN,1613082547
Ilhabela,-23.7781,-45.3581,76.44,79,100,5.99,BR,1613082548
Luoyang,34.6836,112.4536,46.0,99,0,2.98,CN,1613082548
Saint-Pierre,-21.3393,55.4781,80.6,61,0,4.61,RE,1613082548
San Jose,37.3394,-121.895,63.0,44,75,4.61,US,1613082253
Sechura,-5.5569,-80.8222,81.54,62,95,16.75,PE,1613082548
Tazovsky,67.4667,78.7,-33.83,83,17,5.19,RU,1613082548
Calvinia,-31.4707,19.776,71.94,55,100,1.3,ZA,1613082548
Sorong,-0.8833,131.25,80.49,84,86,4.07,ID,1613082549
Goderich,43.7501,-81.7165,15.8,67,88,11.5,CA,1613082549
Rāvar,31.2656,56.8055,56.66,32,46,4.65,IR,1613082549
Neiafu,-18.65,-173.9833,84.2,84,40,6.91,TO,1613082549
Dubréka,9.7911,-13.5233,80.6,74,65,6.91,GN,1613082550
Shelbyville,35.4834,-86.4603,34.0,100,90,8.05,US,1613082548
Cururupu,-1.8283,-44.8683,78.03,86,90,4.09,BR,1613082550
George Town,5.4112,100.3354,82.0,83,40,3.44,MY,1613082326
Humaitá,-7.5061,-63.0208,81.12,81,87,2.8,BR,1613082550
Nanortalik,60.1432,-45.2371,27.84,89,100,13.04,GL,1613082550
New Norfolk,-42.7826,147.0587,66.0,65,32,4.0,AU,1613082550
Aklavik,68.2191,-135.0107,-16.6,69,20,11.5,CA,1613082551
Laguna,38.421,-121.4238,57.99,67,90,10.36,US,1613082551
Lewistown,40.5992,-77.5714,30.2,74,1,5.77,US,1613082551
Chui,-33.6971,-53.4616,70.7,88,100,13.42,UY,1613082551
Jamestown,42.097,-79.2353,23.0,68,1,9.22,US,1613082551
Alofi,-19.0595,-169.9187,86.0,70,75,12.66,NU,1613082551
Vila Franca do Campo,37.7167,-25.4333,61.0,88,40,21.85,PT,1613082551
Auki,-8.7676,160.7034,81.59,82,100,9.75,SB,1613082552
Chancay,-11.5714,-77.2672,79.0,61,0,11.5,PE,1613082421
Severo-Kuril'sk,50.6789,156.125,28.36,91,100,2.86,RU,1613082552
Mahébourg,-20.4081,57.7,78.8,78,75,8.05,MU,1613082552
Saint-Philippe,-21.3585,55.7679,80.6,61,0,4.61,RE,1613082552
Cherskiy,68.75,161.3,-23.64,85,0,0.94,RU,1613082552
Finschhafen,-6.6024,147.8681,81.95,76,99,6.22,PG,1613082552
Lebu,-37.6167,-73.65,62.67,82,32,13.15,CL,1613082552
Isangel,-19.55,169.2667,84.2,74,40,3.44,VU,1613082553
Zhicheng,30.2956,111.5047,46.99,95,15,1.48,CN,1613082553
Nishihara,26.1842,127.7558,66.2,82,90,21.85,JP,1613082553
Simbahan,6.3032,120.5836,81.95,75,0,7.72,PH,1613082553
Barrow,71.2906,-156.7887,-43.6,83,1,9.22,US,1613082553
Touros,-5.1989,-35.4608,80.6,78,40,10.36,BR,1613082553
Castro,-24.7911,-50.0119,63.5,93,94,5.14,BR,1613082553
Cantaura,9.3057,-64.3584,86.05,39,33,9.06,VE,1613082554
Hualmay,-11.0964,-77.6139,76.93,64,52,9.73,PE,1613082554
Katobu,-4.9408,122.5276,76.08,89,100,1.72,ID,1613082554
Port-Gentil,-0.7193,8.7815,82.4,89,40,6.91,GA,1613082554
Maniitsoq,65.4167,-52.9,10.87,88,22,9.95,GL,1613082554
Port Lincoln,-34.7333,135.8667,62.22,69,81,11.56,AU,1613082554
Tiksi,71.6872,128.8694,-7.92,88,83,10.36,RU,1613082554
Mayo,38.8876,-76.5119,34.0,80,90,6.91,US,1613082555
Rawson,-43.3002,-65.1023,84.83,28,44,32.44,AR,1613082555
Paso de Carrasco,-34.8603,-56.0522,71.6,83,75,17.27,UY,1613082555
Hasaki,35.7333,140.8333,33.8,80,75,4.61,JP,1613082555
Cape Town,-33.9258,18.4232,72.0,94,0,12.66,ZA,1613082449
Hay River,60.8156,-115.7999,-4.0,71,90,17.27,CA,1613082555
Roebourne,-20.7833,117.1333,81.18,74,26,10.45,AU,1613082555
Codrington,-38.2667,141.9667,61.99,67,100,12.66,AU,1613082556
Eureka,40.8021,-124.1637,53.01,94,100,8.01,US,1613082556
Zarubino,42.63,131.0922,25.29,97,63,5.14,RU,1613082556
Amahai,-3.3333,128.9167,86.0,87,98,3.11,ID,1613082556
Saint-Louis,16.3333,-15.0,80.6,29,0,2.3,SN,1613082556
Lüderitz,-26.6481,15.1594,66.25,83,31,1.66,NA,1613082557
Torbay,47.6666,-52.7314,23.0,93,90,36.82,CA,1613082557
Mabaruma,8.2,-59.7833,74.55,88,12,4.5,GY,1613082557
Mataura,-46.1927,168.8643,58.48,55,4,2.37,NZ,1613082557
Genhe,50.7833,121.5167,6.28,93,100,7.43,CN,1613082557
Butaritari,3.0707,172.7902,81.75,77,83,15.52,KI,1613082557
Ribeira Grande,38.5167,-28.7,62.6,82,75,29.93,PT,1613082557
Naze,28.3667,129.4833,60.8,88,75,26.46,JP,1613082558
Puerto Ayora,-0.7393,-90.3518,78.8,83,75,6.91,EC,1613082459
Rivadavia,-33.1905,-68.4608,82.4,42,75,5.75,AR,1613082558
Derzhavīnsk,51.1,66.3167,7.11,95,91,4.72,KZ,1613082558
Kuito,-12.3833,16.9333,59.14,64,82,6.53,AO,1613082558
Socorro,31.6546,-106.3033,69.8,15,1,8.05,US,1613082559
Bitung,1.4451,125.1824,75.2,94,20,5.66,ID,1613082559
Udachny,66.4167,112.4,-23.62,85,33,2.51,RU,1613082559
Nouadhibou,20.931,-17.0347,68.0,60,0,19.57,MR,1613082410
Leningradskiy,69.3833,178.4167,-16.55,87,100,11.5,RU,1613082559
Tecpan,14.7623,-90.9947,77.0,50,40,9.22,GT,1613082559
Wanaka,-44.7,169.15,62.01,59,1,1.01,NZ,1613082560
Qaanaaq,77.484,-69.3632,7.66,69,0,8.84,GL,1613082560
Road Town,18.4167,-64.6167,78.8,73,20,9.22,VG,1613082560
Patiya,22.2931,91.9762,57.74,64,6,3.67,BD,1613082560
Yulara,-25.2406,130.9889,77.0,94,90,10.36,AU,1613082560
Along,28.1667,94.7667,51.39,57,0,1.72,IN,1613082560
Taksimo,56.3444,114.8794,-1.16,85,100,4.0,RU,1613082560
Caravelas,-17.7125,-39.2481,76.62,81,94,5.01,BR,1613082561
Saint George,37.1041,-113.5841,66.0,24,1,8.05,US,1613082401
Zumarraga,11.6388,124.8417,76.64,87,29,4.14,PH,1613082561
Rāmshīr,30.8946,49.4092,57.2,77,0,4.61,IR,1613082561
Makakilo City,21.3469,-158.0858,78.8,47,1,9.22,US,1613082561
Navalmoral de la Mata,39.8916,-5.5406,51.01,96,100,4.29,ES,1613082561
Ponta do Sol,32.6667,-17.1,59.0,70,64,3.0,PT,1613082561
Al Bardīyah,31.7561,25.0865,60.19,86,0,14.7,LY,1613082562
Nichinan,31.6,131.3667,50.0,71,75,6.91,JP,1613082562
Kaitangata,-46.2817,169.8464,59.0,62,3,5.99,NZ,1613082562
Padang,-0.9492,100.3543,73.4,88,40,2.3,ID,1613082269
Kita,13.0349,-9.4895,81.68,15,63,5.12,ML,1613082562
Alice Springs,-23.7,133.8833,86.0,58,75,5.75,AU,1613082562
Koslan,63.4564,48.8989,-8.18,89,100,4.59,RU,1613082563
São José da Coroa Grande,-8.8978,-35.1478,79.07,79,6,9.93,BR,1613082563
Macuspana,17.7667,-92.6,87.8,55,1,8.05,MX,1613082563
Chara,56.9064,118.2631,-0.38,87,100,7.7,RU,1613082563
Nioro,13.35,-15.75,81.66,15,43,9.91,GM,1613082563
Bubaque,11.2833,-15.8333,77.77,66,66,13.58,GW,1613082564
Galesong,-5.3166,119.3661,75.2,100,20,1.14,ID,1613082564
Teknāf,20.8624,92.3058,63.25,62,38,6.02,BD,1613082443
Phan Thiet,10.9333,108.1,68.65,87,19,4.16,VN,1613082564
Ashgabat,37.95,58.3833,46.4,71,40,6.91,TM,1613082564
Huilong,31.8111,121.655,50.0,97,59,6.64,CN,1613082564
Arraial do Cabo,-22.9661,-42.0278,77.0,83,75,8.05,BR,1613082459
Methóni,36.8197,21.7049,55.99,82,1,3.44,GR,1613082565
Raja,8.4596,25.678,70.83,22,10,3.27,SS,1613082565
Najrān,17.4924,44.1277,59.0,55,0,2.66,SA,1613082565
Talnakh,69.4865,88.3972,-15.09,87,96,1.92,RU,1613082565
Onega,63.9061,38.1404,-13.59,89,3,2.39,RU,1613082565
Manyana,-23.4,21.7167,71.02,63,74,7.16,BW,1613082565
Kamakwie,9.5,-12.2333,77.34,58,24,6.17,SL,1613082566
El Progreso,15.4,-87.8,87.8,55,20,12.66,HN,1613082447
Plátanos,37.6667,21.6167,55.4,76,13,4.61,GR,1613082566
Hoquiam,46.9809,-123.8893,33.8,86,90,19.57,US,1613082566
Athabasca,54.7169,-113.2854,-11.2,70,100,13.8,CA,1613082566
Villa Carlos Paz,-31.4241,-64.4978,75.0,88,75,3.44,AR,1613082566
Khatanga,71.9667,102.5,-24.02,87,91,4.54,RU,1613082567
Lagoa,39.05,-27.9833,60.1,82,100,27.47,PT,1613082567
Murayama,38.5193,140.3346,30.2,93,20,4.61,JP,1613082567
Rapid Valley,44.0625,-103.1463,-5.01,71,90,16.11,US,1613082567
Te Anau,-45.4167,167.7167,54.14,60,12,0.92,NZ,1613082567
Qaqortoq,60.7167,-46.0333,37.4,28,75,36.82,GL,1613082567
Carnarvon,-24.8667,113.6333,71.6,88,95,14.97,AU,1613082568
Kalmunai,7.4167,81.8167,71.98,80,95,7.27,LK,1613082568
Carlsbad,33.1581,-117.3506,66.99,67,1,10.36,US,1613082408
Bathsheba,13.2167,-59.5167,78.8,61,20,18.41,BB,1613082568
Caetité,-14.0694,-42.475,70.9,75,1,6.85,BR,1613082568
Macamic,48.7502,-78.9996,-4.0,45,1,6.91,CA,1613082568
Ola,59.5833,151.2833,11.68,87,0,7.96,RU,1613082568
Klaksvík,62.2266,-6.589,33.8,75,35,14.97,FO,1613082569
Kumul,42.8,93.45,30.67,78,70,6.73,CN,1613082569
Harper,4.375,-7.7169,79.25,88,97,5.77,LR,1613082569
Mataram,-8.5833,116.1167,75.2,100,75,1.14,ID,1613082569
Gatton,-27.55,152.2833,77.0,61,40,3.44,AU,1613082569
Taoudenni,22.6783,-3.9836,70.25,18,0,11.27,ML,1613082570
Bismarck,46.8083,-100.7837,-7.6,59,90,12.66,US,1613082528
Jiayuguan City,39.8167,98.3,33.24,74,100,8.41,CN,1613082377
Palmer,42.1584,-72.3287,26.6,39,40,12.66,US,1613082570
Iqaluit,63.7506,-68.5145,-2.0,71,75,14.97,CA,1613082571
Okha,53.5739,142.9478,9.05,96,52,6.85,RU,1613082571
Bone,51.9669,12.1396,23.0,90,92,3.04,DE,1613082571
Ostrovnoy,68.0531,39.5131,10.98,93,100,7.14,RU,1613082571
Pevek,69.7008,170.3133,-23.58,83,7,2.19,RU,1613082571
Lata,40.1629,-8.3327,59.0,94,100,5.99,PT,1613082571
Urengoy,65.9667,78.3667,-34.56,82,0,4.23,RU,1613082572
Ust-Maya,60.4167,134.5333,7.07,92,0,5.61,RU,1613082572
São Filipe,14.8961,-24.4956,72.07,67,0,9.91,CV,1613082572
Sibolga,1.7427,98.7792,76.87,80,81,3.36,ID,1613082572
Conselheiro Lafaiete,-20.6603,-43.7861,64.4,88,75,3.44,BR,1613082572
Węgrów,52.3995,22.0163,10.0,82,99,10.58,PL,1613082572
Karratha,-20.7377,116.8463,81.39,73,32,10.96,AU,1613082572
Merauke,-8.4667,140.3333,78.1,89,100,7.47,ID,1613082572
Hong Kong,22.2855,114.1577,62.01,73,0,9.78,HK,1613082429
Dikson,73.5069,80.5464,-15.3,89,100,3.24,RU,1613082573
Kangasala,61.4638,24.076,8.01,85,40,1.14,FI,1613082573
Qandala,11.472,49.8728,74.37,38,46,3.49,SO,1613082573
Rurrenabaque,-14.4413,-67.5278,73.4,100,90,2.28,BO,1613082573
Oranjemund,-28.55,16.4333,66.25,83,75,7.14,NA,1613082573
Fortuna,40.5982,-124.1573,52.0,100,75,16.11,US,1613082574
Caucayá,-0.1934,-74.7819,89.44,52,100,2.46,CO,1613082574
Althofen,46.8818,14.4676,23.0,39,0,4.61,AT,1613082574
Māngrol,21.1167,70.1167,69.3,46,9,7.4,IN,1613082574
Maków Mazowiecki,52.8649,21.1005,10.0,78,0,10.36,PL,1613082574
Acapulco de Juárez,16.8634,-99.8901,82.4,69,1,10.36,MX,1613082574
Suining,30.508,105.5733,53.02,70,35,2.17,CN,1613082574
Richards Bay,-28.783,32.0377,74.68,91,24,1.39,ZA,1613082432
Thompson,55.7435,-97.8558,-20.2,69,75,4.61,CA,1613082575
At-Bashi,41.1702,75.8106,16.34,84,26,1.21,KG,1613082575
Nālūt,30.3333,10.85,57.09,39,0,10.56,LY,1613082575
Dengzhou,37.8086,120.7508,40.32,72,63,8.7,CN,1613082575
Camopi,3.1655,-52.3158,73.85,97,100,3.09,GF,1613082575
Puerto Colombia,10.9878,-74.9547,82.4,69,0,17.27,CO,1613082575
Orós,-6.2444,-38.9136,85.69,51,64,6.13,BR,1613082575
Nikolskoye,59.7035,30.7861,5.0,85,75,8.95,RU,1613082576
Riyadh,24.6877,46.7219,59.0,41,0,5.75,SA,1613082394
Wuxi,31.5689,120.2886,48.0,96,98,6.8,CN,1613082576
Noumea,-22.2763,166.4572,81.0,69,0,4.61,NC,1613082576
Teguise,29.0605,-13.564,62.6,82,20,5.75,ES,1613082576
Bangil,-7.5994,112.8186,77.0,94,40,4.61,ID,1613082576
Faya,18.3851,42.4509,53.6,71,0,4.61,SA,1613082576
Soyo,-6.1349,12.3689,79.99,80,100,7.02,AO,1613082577
Arroyo de la Encomienda,41.6096,-4.7969,52.0,93,0,10.36,ES,1613082577
Oakdale,44.963,-92.9649,1.0,50,20,12.66,US,1613082577
Nísia Floresta,-6.0911,-35.2086,82.4,74,40,18.41,BR,1613082577
Bartica,6.4,-58.6167,78.8,78,20,9.22,GY,1613082577
Predivinsk,57.0669,93.4378,-10.08,88,100,7.78,RU,1613082577
Progreso,21.2833,-89.6667,90.0,48,75,9.22,MX,1613082501
Sola,-13.8833,167.55,82.51,75,73,6.85,VU,1613082578
Hithadhoo,-0.6,73.0833,81.16,81,12,15.73,MV,1613082578
Grand Gaube,-20.0064,57.6608,78.01,73,96,5.01,MU,1613082578
Marawi,7.9986,124.2928,73.99,90,45,4.0,PH,1613082578
Kendari,-3.945,122.4989,77.04,89,100,1.92,ID,1613082578
Tasiilaq,65.6145,-37.6368,19.4,68,90,5.01,GL,1613082578
Ranot,7.7777,100.3213,78.66,79,92,8.84,TH,1613082579
Ejido Hermosillo,32.5121,-114.9238,80.6,20,40,4.61,MX,1613082579
Niksar,40.5917,36.9517,48.63,50,48,9.4,TR,1613082579
Thunder Bay,48.4001,-89.3168,1.0,38,75,5.75,CA,1613082538
Popova,42.9603,131.7228,28.4,80,90,3.24,RU,1613082579
Bjørnevatn,69.6672,29.9847,5.0,85,75,8.05,NO,1613082579
Bandarbeyla,9.4942,50.8122,73.65,75,85,14.45,SO,1613082579
Kuril'sk,45.2333,147.8833,22.55,93,98,18.61,RU,1613082580
Magdalena,14.1999,121.429,79.0,83,75,9.22,PH,1613082580
San Ignacio,17.1561,-89.0714,91.4,49,20,4.61,BZ,1613082580
Mossamedes,-15.1961,12.1522,74.25,75,37,2.1,AO,1613082580
Muros,42.7762,-9.0603,55.99,90,100,7.0,ES,1613082580
Obo,5.3998,26.4869,71.2,25,21,1.43,CF,1613082580
Mount Gambier,-37.8333,140.7667,62.6,67,90,11.5,AU,1613082580
Doka,13.5167,35.7667,77.49,17,10,7.18,SD,1613082580
Oktyabr'skoye,43.0645,44.7417,30.2,93,1,8.95,RU,1613082581
Ambilobe,-13.2,49.05,74.07,93,96,2.26,MG,1613082581
Katsuura,35.1333,140.3,43.0,56,0,8.05,JP,1613082581
Tutóia,-2.7619,-42.2744,80.92,82,100,12.26,BR,1613082581
Darnah,32.767,22.6367,59.11,74,28,20.69,LY,1613082581
Nelson Bay,-32.7167,152.15,73.99,73,0,6.91,AU,1613082582
Turbat,26.0023,63.044,59.14,33,1,2.15,PK,1613082582
Basoko,1.2391,23.616,77.88,45,38,0.89,CD,1613082582
Mogok,22.9167,96.5,56.53,48,8,2.44,MM,1613082370
Hamilton,39.1834,-84.5333,26.01,58,40,13.8,US,1613082582
Caconda,-13.7333,15.0667,58.98,76,100,5.64,AO,1613082582
Broome,42.2506,-75.833,23.0,68,75,9.22,US,1613082582
Nānākuli,21.3906,-158.1547,78.8,47,1,9.22,US,1613082583
Oussouye,12.485,-16.5469,78.8,64,0,6.91,SN,1613082583
Fairbanks,64.8378,-147.7164,17.01,78,90,2.06,US,1613082583
Banepā,27.6298,85.5214,50.0,93,75,2.01,NP,1613082583
Quesnel,52.9999,-122.5029,-5.8,65,1,3.44,CA,1613082583
Port-Cartier,50.0334,-66.8654,18.0,92,90,2.3,CA,1613082583
Vanimo,-2.6741,141.3028,79.12,80,98,4.23,PG,1613082583
Cayenne,4.9333,-52.3333,75.2,100,75,13.31,GF,1613082584
Souillac,-20.5167,57.5167,78.8,78,75,8.05,MU,1613082584
Bengkulu,-3.8004,102.2655,76.12,86,100,4.29,ID,1613082584
Kamaishi,39.2667,141.8833,29.43,87,0,5.48,JP,1613082584
Fuglebjerg,55.306,11.5477,23.0,79,0,5.75,DK,1613082584
Aksu,41.1231,80.2644,29.46,90,0,1.74,CN,1613082585
Jishou,28.3167,109.7167,48.7,86,6,0.47,CN,1613082585
Rangāpāra,26.8167,92.65,60.42,55,0,2.93,IN,1613082585
Ancud,-41.8697,-73.8203,62.01,82,75,9.22,CL,1613082585
Dhidhdhoo,6.8833,73.1,79.97,65,10,6.82,MV,1613082585
Allāpalli,19.4167,80.0667,61.05,42,46,3.65,IN,1613082585
Necochea,-38.5473,-58.7368,75.99,65,71,10.0,AR,1613082585
Saint-Augustin,51.226,-58.6502,29.59,94,100,11.95,CA,1613082586
Villa María,-32.4075,-63.2402,84.0,33,55,9.24,AR,1613082586
Kachug,53.9606,105.8817,-2.04,88,100,5.91,RU,1613082586
Seoul,37.5683,126.9778,30.2,100,75,2.3,KR,1613082440
Port Hardy,50.6996,-127.4199,35.6,47,75,28.77,CA,1613082586
Guiratinga,-16.3494,-53.7583,76.93,80,68,1.14,BR,1613082586
Abashiri,44.0213,144.2697,21.0,77,71,3.0,JP,1613082586
Samarai,-10.6167,150.6667,82.92,71,98,5.66,PG,1613082587
Gōtsuchō,35.0,132.2167,47.05,62,100,4.68,JP,1613082587
Disna,55.568,28.1971,6.13,93,100,10.22,BY,1613082587
Kamiiso,41.8167,140.65,21.2,73,20,5.75,JP,1613082587
Mozarlândia,-14.7447,-50.5706,78.1,81,42,3.11,BR,1613082587
Novobirilyussy,56.9514,90.6661,-10.5,88,100,8.95,RU,1613082587
Tombouctou,20.0,-3.0,71.56,15,0,9.42,ML,1613082588
Mehamn,71.0357,27.8492,26.6,86,0,12.66,NO,1613082588
Listvyanskiy,54.4399,83.4984,-26.25,84,0,3.94,RU,1613082588
Kiryat Gat,31.61,34.7642,55.0,93,0,3.44,IL,1613082303
Vostok,46.4856,135.8833,13.17,93,100,4.36,RU,1613082588
Lydenburg,-25.0978,30.4597,72.0,89,22,1.99,ZA,1613082588
Bud,39.447,-86.1758,21.99,69,100,12.73,US,1613082588
Jardim,-21.4803,-56.1381,74.14,89,100,3.27,BR,1613082589
Salalah,17.0151,54.0924,71.6,53,0,3.44,OM,1613082589
Adrar,20.5022,-10.0711,70.09,17,20,9.46,MR,1613082589
Bredasdorp,-34.5322,20.0403,71.6,83,84,6.91,ZA,1613082589
Pilar,-9.5972,-35.9567,77.0,83,0,5.75,BR,1613082589
Glens Falls,43.3095,-73.644,24.8,36,20,13.8,US,1613082589
Ft. Pierce,27.4467,-80.3256,78.8,61,1,14.97,US,1613082589
Lucapa,-8.4192,20.7447,67.32,95,100,3.58,AO,1613082590
Viçosa,-20.7539,-42.8819,70.81,89,100,1.9,BR,1613082590
Hede,33.7681,120.2517,40.24,84,40,2.77,CN,1613082590
Zhezkazgan,47.8043,67.7144,6.04,88,91,4.94,KZ,1613082590
Laas,46.6166,10.7002,33.8,79,0,6.91,IT,1613082590
Leh,34.1667,77.5833,7.81,68,0,1.16,IN,1613082591
Terpinnya,46.9697,35.4197,48.16,74,100,12.75,UA,1613082591
Sokolac,43.9397,18.8017,24.8,74,40,9.22,BA,1613082591
Zhangaözen,43.3,52.8,41.34,70,0,13.24,KZ,1613082591
Bilma,18.6853,12.9164,69.22,20,0,5.1,NE,1613082591
Arman',59.7,150.1667,11.93,87,0,6.13,RU,1613082591
Bethel,41.3712,-73.414,26.6,50,1,12.66,US,1613082591
Kathmandu,27.7167,85.3167,50.0,93,75,2.26,NP,1613082317
Santa Cruz de la Sierra,-17.8,-63.1667,69.8,94,90,10.36,BO,1613082566
Rypefjord,70.6333,23.6667,26.6,74,40,11.5,NO,1613082592
Tagusao,9.1924,117.8141,78.31,80,5,1.5,PH,1613082592
Houma,29.5958,-90.7195,71.6,83,90,9.22,US,1613082592
Shelopugino,51.6514,117.5599,7.97,93,100,10.09,RU,1613082592
Ahipara,-35.1667,173.1667,67.75,55,4,9.17,NZ,1613082592
Forsytheganj,52.6333,29.7333,10.22,95,100,16.6,BY,1613082593
Vysha,53.8477,42.3777,6.87,95,100,3.67,RU,1613082593
Lorengau,-2.0226,147.2712,81.39,77,88,5.73,PG,1613082593
Carson City,39.1638,-119.7674,51.8,40,1,14.97,US,1613082593
Porkhov,57.765,29.5561,-0.4,85,75,4.47,RU,1613082593
Kununurra,-15.7667,128.7333,78.8,100,40,5.77,AU,1613082593
Carutapera,-1.195,-46.02,79.79,82,100,7.14,BR,1613082593
Barzas,55.7167,86.3167,-20.2,83,0,4.47,RU,1613082594
Langsa,4.4683,97.9683,75.22,88,89,1.68,ID,1613082594
Chokurdakh,70.6333,147.9167,-19.21,83,63,3.85,RU,1613082594
Porangatu,-13.4408,-49.1486,75.9,86,58,2.1,BR,1613082594
Ol'ga,43.7444,135.2892,20.37,93,87,5.19,RU,1613082594
Buchanan,5.8808,-10.0467,79.83,87,36,7.18,LR,1613082594
Luxor,25.6989,32.6421,66.2,34,0,4.61,EG,1613082595
Morehead,37.2711,-87.1764,28.4,86,90,3.44,US,1613082595
Faanui,-16.4833,-151.75,82.49,68,0,14.0,PF,1613082595
Avera,33.194,-82.5271,68.0,79,90,6.35,US,1613082595
Iracoubo,5.4802,-53.2011,78.53,82,100,14.09,GF,1613082595
San Ignacio Río Muerto,27.4167,-110.2333,73.4,35,1,6.91,MX,1613082595
Malpe,13.35,74.7167,73.4,88,94,4.36,IN,1613082595
Berlevåg,70.8578,29.0864,24.8,74,75,17.27,NO,1613082596
Calama,-22.4667,-68.9333,69.8,26,0,25.32,CL,1613082596
Trofors,65.5333,13.4063,33.8,86,90,6.91,NO,1613082596
Morondava,-20.2833,44.2833,76.01,92,100,16.55,MG,1613082305
Ciudad Río Bravo,25.9833,-98.1,44.6,93,90,13.8,MX,1613082596
Deputatsky,69.3,139.9,-5.58,82,100,1.3,RU,1613082596
Xiazhen,34.8022,117.1117,44.58,91,68,7.83,CN,1613082596
Puerto Madero,14.7208,-92.4215,87.8,55,20,12.66,MX,1613082596
Saint-Marc-des-Carrieres,46.6834,-72.0491,8.6,43,99,6.91,CA,1613082597
Coyhaique,-45.5752,-72.0662,66.2,37,20,10.36,CL,1613082597
Osny,49.0594,2.0618,30.0,64,0,12.66,FR,1613082559
Mayor Pablo Lagerenza,-19.9309,-60.7718,70.29,85,100,2.59,PY,1613082597
Liverpool,53.4106,-2.9779,32.0,74,0,16.11,GB,1613082352
Oga,46.4631,10.347,30.99,85,0,2.3,IT,1613082597
Zhanakorgan,43.9098,67.2495,36.81,84,84,3.11,KZ,1613082598
Marsh Harbour,26.5412,-77.0636,74.66,79,16,12.97,BS,1613082598
Talaya,61.3833,152.75,-9.74,88,97,0.87,RU,1613082598
Rognan,67.0953,15.3878,35.01,93,100,11.52,NO,1613082598
Beringovskiy,63.05,179.3167,-23.46,84,65,18.79,RU,1613082598
Namie,37.4833,141.0,28.4,86,0,1.14,JP,1613082598
Vic,41.9271,2.2497,46.0,93,100,1.88,ES,1613082598
Nantucket,41.2835,-70.0995,28.0,68,75,8.05,US,1613082345
Byron Bay,-28.65,153.6167,75.2,60,50,4.61,AU,1613082599
Maungaturoto,-36.1,174.3667,69.01,59,14,10.0,NZ,1613082599
Ossora,59.2353,163.0719,-8.32,78,0,5.55,RU,1613082599
Lompoc,34.6391,-120.4579,60.8,63,1,16.11,US,1613082460
Tuatapere,-46.1333,167.6833,57.9,51,0,1.21,NZ,1613082599
Kahului,20.8947,-156.47,80.6,50,20,14.97,US,1613082599
Ploemeur,47.7333,-3.4333,30.99,93,90,17.27,FR,1613082600
Stavern,59.0,10.0333,19.0,62,0,8.05,NO,1613082600
Llanes,43.4198,-4.7549,55.99,95,97,3.0,ES,1613082600
Dutlwe,-23.9833,23.9,72.18,68,92,4.61,BW,1613082600
Hobyo,5.3505,48.5268,76.33,79,100,17.25,SO,1613082600
Hudiksvall,61.729,17.1036,6.01,59,31,7.31,SE,1613082600
Natal,-5.795,-35.2094,82.4,74,40,18.41,BR,1613082601
Yara,20.2753,-76.9533,79.7,59,6,0.69,CU,1613082603
Fujin,47.26,132.0322,14.54,96,100,9.51,CN,1613082469
Flin Flon,54.7682,-101.865,-18.4,63,75,9.22,CA,1613082603
Jega,12.2175,4.3792,77.05,16,0,9.75,NG,1613082603
Pangnirtung,66.1451,-65.7125,-5.8,84,75,12.66,CA,1613082604
Wanning,18.8003,110.3967,59.43,85,0,5.88,CN,1613082604
Khovd,48.0056,91.6419,6.04,73,0,2.13,MN,1613082606
Torbat-e Jām,35.244,60.6225,49.23,49,74,0.69,IR,1613082607
La Providencia,28.7167,-111.5833,79.0,34,0,10.0,MX,1613082607
Opoczno,51.3757,20.2783,9.0,10,100,10.63,PL,1613082540
Kaeo,-35.1,173.7833,72.0,55,1,10.0,NZ,1613082608
Nara,34.6851,135.8049,42.01,81,0,6.91,JP,1613082608
São João da Barra,-21.6403,-41.0511,78.8,78,75,11.5,BR,1613082609
Husavik,66.0449,-17.3389,21.2,86,0,5.75,IS,1613082609
Airai,-8.9266,125.4092,64.9,97,94,1.1,TL,1613082609
Pisco,-13.7,-76.2167,78.8,69,0,5.75,PE,1613082580
Aiquile,-18.2041,-65.1807,58.26,86,98,5.37,BO,1613082610
Aswān,24.0934,32.907,70.66,37,85,9.24,EG,1613082610
Puerto del Rosario,28.5004,-13.8627,66.2,72,40,9.22,ES,1613082610
Kainantu,-6.2887,145.8655,67.12,83,100,1.14,PG,1613082610
Vao,-22.6667,167.4833,76.68,81,4,7.47,NC,1613082611
Belmonte,-15.8631,-38.8828,78.8,73,40,8.05,BR,1613082611
Henties Bay,-22.116,14.2845,70.0,86,87,1.36,NA,1613082611
Macas,-2.3167,-78.1167,69.8,94,90,5.75,EC,1613082612
Poum,-20.2333,164.0167,79.36,72,0,9.17,NC,1613082612
Mitsamiouli,-11.3847,43.2844,81.79,77,100,14.5,KM,1613082612
Wheeling,42.1392,-87.929,19.99,73,90,10.36,US,1613082476
Santa Catarina de Tepehuanes,25.35,-105.7333,63.99,24,2,16.37,MX,1613082573
Ndendé,-2.4008,11.3581,74.37,95,100,1.32,GA,1613082613
Trincomalee,8.5711,81.2335,76.39,68,80,6.87,LK,1613082613
Fare,-16.7,-151.0167,83.01,66,0,10.89,PF,1613082614
Brae,60.3964,-1.353,34.36,88,88,22.88,GB,1613082614
Yushala,57.0761,64.2601,-20.2,76,0,8.95,RU,1613082615
Ventspils,57.3894,21.5606,14.0,85,0,6.91,LV,1613082615
Sinnamary,5.3833,-52.95,78.04,84,99,13.85,GF,1613082615
Pinawa,50.1489,-95.8811,-18.87,86,94,4.36,CA,1613082615
Valley City,46.9233,-98.0032,-11.2,64,1,10.36,US,1613082615
Geesthacht,53.4333,10.3667,17.01,66,33,5.08,DE,1613082616
Portland,45.5234,-122.6762,35.01,84,100,12.88,US,1613082018
Quelimane,-17.8786,36.8883,78.8,69,0,3.44,MZ,1613082616
Río Gallegos,-51.6226,-69.2181,64.4,27,20,29.93,AR,1613082362
Vila Velha,-20.3297,-40.2925,84.0,83,75,6.91,BR,1613082616
Moindou,-21.6924,165.677,80.6,69,0,4.61,NC,1613082617
Porto Walter,-8.2686,-72.7439,75.0,94,100,5.53,BR,1613082617
Verkhnyaya Inta,65.9811,60.3094,-22.4,86,81,3.49,RU,1613082617
Olafsvik,64.8945,-23.7142,38.35,76,100,17.49,IS,1613082617
Belém de São Francisco,-8.7539,-38.9658,82.83,57,38,20.69,BR,1613082618
Dalbandin,28.8947,64.4101,54.34,36,52,3.96,PK,1613082618
Assiut,27.181,31.1837,60.8,55,0,8.05,EG,1613082618
Cody,44.5263,-109.0565,-11.99,70,90,10.36,US,1613082596
Miles City,46.4083,-105.8406,-11.2,49,40,13.8,US,1613082618
Teófilo Otoni,-17.8575,-41.5053,71.87,88,63,5.3,BR,1613082619
Inhambane,-23.865,35.3833,78.69,84,64,13.2,MZ,1613082619
Beyneu,45.3167,55.2,36.05,81,1,11.72,KZ,1613082619
Kolda,12.8833,-14.95,78.8,69,37,5.77,SN,1613082619
Broken Hill,-31.95,141.4333,77.0,44,90,13.8,AU,1613082620
Mackay,-21.15,149.2,80.6,61,40,8.05,AU,1613082620
Kloulklubed,7.0419,134.2556,78.8,94,75,4.61,PW,1613082620
Cedar City,37.6775,-113.0619,53.6,24,1,5.75,US,1613082620
The Hague,52.0767,4.2986,25.0,74,2,6.91,NL,1613082334
Ust'-Karsk,52.7011,118.8077,9.79,92,100,7.09,RU,1613082621
Sitka,57.0531,-135.33,30.2,34,1,8.05,US,1613082450
Grindavik,63.8424,-22.4338,37.4,87,75,21.85,IS,1613082549
Joshīmath,30.5667,79.5667,45.81,36,55,6.42,IN,1613082621
Florø,61.5996,5.0328,24.8,54,0,9.22,NO,1613082621
St. George's,12.0564,-61.7485,80.6,69,20,18.41,GD,1613082622
Muroto-misakicho,33.2833,134.15,42.8,75,75,8.05,JP,1613082505
Namatanai,-3.6667,152.4333,81.86,79,91,4.94,PG,1613082622
San Joaquin,37.9333,-121.3011,62.6,51,75,5.75,US,1613082622
Mount Isa,-20.7333,139.5,82.4,74,72,9.22,AU,1613082622
Havre-St-Pierre,50.2334,-63.5986,17.6,86,90,10.36,CA,1613082622
Kedrovyy,56.1667,91.8167,-11.2,70,100,8.95,RU,1613082623
San Cristobal,7.7669,-72.225,84.2,54,40,9.22,VE,1613082623
Bungu,-7.6337,39.0582,72.86,97,94,4.45,TZ,1613082623
Phulbāni,20.4667,84.2333,56.86,60,75,1.99,IN,1613082623
Sokolo,14.7328,-6.1219,79.65,14,33,11.39,ML,1613082623
Conceição do Araguaia,-8.2578,-49.2647,82.4,74,0,5.75,BR,1613082623
Cooma,-36.2333,149.1333,68.0,60,90,12.66,AU,1613082624
Villablino,42.9393,-6.3194,50.0,99,100,1.01,ES,1613082624
Songjianghe,42.1859,127.479,23.99,88,84,6.35,CN,1613082624
Tongliao,43.6125,122.2653,24.24,92,31,7.56,CN,1613082624
Galveston,29.3669,-94.9669,48.2,87,90,20.71,US,1613082490
Kenai,60.5544,-151.2583,30.99,74,75,21.85,US,1613082625
Bayan,46.0833,127.4,27.12,97,53,8.75,CN,1613082625
Krasnaya Gora,52.9995,31.6023,14.0,85,90,17.9,RU,1613082625
Los Llanos de Aridane,28.6585,-17.9182,62.6,67,0,6.91,ES,1613082625
Port Moresby,-9.4431,147.1797,82.4,78,40,11.5,PG,1613082625
Malabo,3.75,8.7833,81.73,79,32,6.62,GQ,1613082626
Filingué,14.3521,3.3168,75.6,15,0,8.1,NE,1613082626
Shakawe,-18.3667,21.85,65.82,96,100,3.36,BW,1613082626
Antofagasta,-23.65,-70.4,71.6,68,20,14.97,CL,1613082336
Rocha,-34.4833,-54.3333,68.14,91,100,10.92,UY,1613082627
Bollnäs,61.3482,16.3946,6.01,59,44,4.97,SE,1613082627
Três Passos,-27.4556,-53.9319,72.0,83,9,4.92,BR,1613082627
Villamontes,-21.25,-63.5,68.72,84,96,1.5,BO,1613082627
Bongandanga,1.5,21.05,75.72,41,0,1.7,CD,1613082627
Lac du Bonnet,50.2536,-96.0612,-14.01,54,83,4.0,CA,1613082627
Aquiraz,-3.9014,-38.3911,82.4,74,0,13.8,BR,1613082628
Le Havre,49.4938,0.1077,30.2,64,0,20.71,FR,1613082628
Grand-Lahou,5.1367,-5.0242,79.77,88,23,11.05,CI,1613082628
Caxito,-8.5785,13.6643,80.6,78,0,5.75,AO,1613082628
Caraballeda,10.6112,-66.8522,84.2,70,20,5.75,VE,1613082628
Ada,43.4166,-116.1262,37.99,75,90,2.39,US,1613082629
Presidencia Roque Sáenz Peña,-26.7852,-60.4388,82.0,52,75,4.0,AR,1613082629
Vilyuysk,63.7553,121.6247,-17.91,88,100,2.15,RU,1613082629
Santa Fe,-31.6333,-60.7,84.0,50,83,1.99,AR,1613082359
Frolovo,49.7713,43.6622,33.01,92,100,6.33,RU,1613082629
Conde,-7.2597,-34.9075,80.6,74,0,12.66,BR,1613082629
Takelsa,36.7833,10.6333,53.6,62,20,5.75,TN,1613082630
Batagay,67.6333,134.6333,-12.75,84,2,0.65,RU,1613082630
